,Molecular_Descriptor_min,Molecular_Descriptor_max,Molecular_Descriptor_mean,Molecular_Descriptor_test_min,Molecular_Descriptor_test_max,Molecular_Descriptor_test_mean
nAcid,0.0,4.0,0.10840932117527863,0.0,1.0,0.10840932117527863
ALogP,-23.105,5.1817,1.1101636271529887,-13.8215,4.193,1.1101636271529887
ALogP2,3.6e-07,533.841025,3.2884949202634246,0.06548481,191.0338623,3.2884949202634246
AMR,54.067,517.4294,116.55710618034448,92.5952,338.7341,116.55710618034448
apol,30.66193,359.66274,60.626471139817625,51.385032,221.678851,60.626471139817625
naAromAtom,0.0,30.0,15.446808510638299,6.0,24.0,15.446808510638299
nAromBond,0.0,34.0,16.189463019250255,6.0,26.0,16.189463019250255
nAtom,21.0,343.0,50.76190476190476,44.0,209.0,50.76190476190476
nHeavyAtom,14.0,163.0,28.112462006079028,20.0,102.0,28.112462006079028
nH,5.0,180.0,22.649442755825735,17.0,107.0,22.649442755825735
nB,0.0,0.0,0.0,0.0,0.0,0.0
nC,7.0,95.0,22.60790273556231,18.0,65.0,22.60790273556231
nN,0.0,46.0,1.508611955420466,0.0,21.0,1.508611955420466
nO,0.0,20.0,3.2386018237082066,1.0,17.0,3.2386018237082066
nS,0.0,6.0,0.30749746707193515,0.0,1.0,0.30749746707193515
nP,0.0,1.0,0.0010131712259371835,0.0,0.0,0.0010131712259371835
nF,0.0,6.0,0.28318135764944274,0.0,1.0,0.28318135764944274
nCl,0.0,6.0,0.10131712259371833,0.0,1.0,0.10131712259371833
nBr,0.0,3.0,0.061296859169199594,0.0,0.0,0.061296859169199594
nI,0.0,2.0,0.00303951367781155,0.0,0.0,0.00303951367781155
nX,0.0,6.0,0.44883485309017224,0.0,1.0,0.44883485309017224
ATSc1,0.034918326,4.573642937,0.44363665363880445,0.066452024,3.0370163,0.44363665363880445
ATSc2,-2.37963648,-0.015630594,-0.2092172738586626,-1.387964706,-0.023570175,-0.2092172738586626
ATSc3,-0.372921531,0.537745503,-0.020104616433130697,-0.20247404,0.100988984,-0.020104616433130697
ATSc4,-0.898735007,1.826862448,0.011990738768996962,-0.235435818,1.009730853,0.011990738768996962
ATSc5,-2.889973545,0.604460284,-0.001327532445795339,-1.912833361,0.287640081,-0.001327532445795339
ATSm1,15.77446904,243.6007323,37.24840041550152,26.90222207,121.9510909,37.24840041550152
ATSm2,15.32836791,191.0742622,35.13259705809018,24.67166239,115.4622032,35.13259705809018
ATSm3,17.66418395,254.6653833,51.28983496869301,34.67353957,163.5610299,51.28983496869301
ATSm4,15.66418395,279.3570368,54.84758607659067,38.00563155,177.2177197,54.84758607659067
ATSm5,11.33209198,319.117025,52.24352355518237,42.0112328,207.0687818,52.24352355518237
ATSp1,635.114242,10813.5436,2095.401923183283,1688.270189,6907.428333,2095.401923183283
ATSp2,679.5908473,11960.93434,2503.907004198075,1913.697246,7840.707661,2503.907004198075
ATSp3,811.2269849,15128.22323,3609.9071190792806,2529.106218,10424.11102,3609.9071190792806
ATSp4,728.9701885,17063.05728,3761.6239862545594,2489.270602,11576.118,3761.6239862545594
ATSp5,525.3930802,19225.42216,3410.9789915545593,2211.584677,13246.01446,3410.9789915545593
nBase,0.0,26.0,0.4088145896656535,0.0,4.0,0.4088145896656535
BCUTw-1l,11.79,11.999,11.900065913910838,11.85,11.99850209,11.900065913910838
BCUTw-1h,14.00308416,126.9055283,25.561754881641335,15.99593028,34.96938096,25.561754881641335
BCUTc-1l,-0.42176197,-0.188736311,-0.3520680647502533,-0.41895589,-0.348775277,-0.3520680647502533
BCUTc-1h,0.072126046,0.527629816,0.20606706571529887,0.075108391,0.355612231,0.20606706571529887
BCUTp-1l,2.938630112,7.00306502,4.781662270651976,3.643627287,5.25324041,4.781662270651976
BCUTp-1h,7.969398976,16.74829079,11.973452052689968,9.815778883,14.46972328,11.973452052689968
nBonds,14.0,163.0,31.072441742654508,21.0,104.0,31.072441742654508
nBonds2,22.0,343.0,53.72188449848024,45.0,211.0,53.72188449848024
nBondsS,17.0,315.0,44.79584599797366,36.0,191.0,44.79584599797366
nBondsS2,10.0,315.0,36.105876393110435,27.0,185.0,36.105876393110435
nBondsS3,0.0,135.0,13.456433637284702,9.0,78.0,13.456433637284702
nBondsD,0.0,28.0,8.871833839918946,5.0,21.0,8.871833839918946
nBondsD2,0.0,28.0,1.372340425531915,0.0,17.0,1.372340425531915
nBondsT,0.0,2.0,0.054204660587639314,0.0,3.0,0.054204660587639314
nBondsQ,0.0,0.0,0.0,0.0,0.0,0.0
nBondsM,0.0,34.0,17.616008105369808,11.0,28.0,17.616008105369808
bpol,9.079242,227.45726,30.610665638297874,22.661519,139.625149,30.610665638297874
C1SP1,0.0,2.0,0.05116514690982776,0.0,0.0,0.05116514690982776
C2SP1,0.0,2.0,0.014690982776089158,0.0,6.0,0.014690982776089158
C1SP2,0.0,20.0,0.8910840932117527,0.0,19.0,0.8910840932117527
C2SP2,0.0,24.0,12.074974670719351,2.0,22.0,12.074974670719351
C3SP2,0.0,12.0,3.225937183383992,0.0,7.0,3.225937183383992
C1SP3,0.0,22.0,2.603343465045593,0.0,12.0,2.603343465045593
C2SP3,0.0,41.0,2.7537993920972643,0.0,27.0,2.7537993920972643
C3SP3,0.0,7.0,0.4564336372847011,0.0,6.0,0.4564336372847011
C4SP3,0.0,2.0,0.16058763931104356,0.0,1.0,0.16058763931104356
SCH-3,0.0,0.288675135,0.0017937615273556232,0.0,0.0,0.0017937615273556232
SCH-4,0.0,0.333333333,0.0029663650182370823,0.0,0.0,0.0029663650182370823
SCH-5,0.0,0.556186218,0.07528308077001014,0.0,0.288675135,0.07528308077001014
SCH-6,0.0,1.099732804,0.3751605625739615,0.140210165,0.714264255,0.3751605625739615
SCH-7,0.0,2.15052416,0.6776343982350558,0.11785113,1.400388561,0.6776343982350558
VCH-3,0.0,0.288675135,0.0017937615273556232,0.0,0.0,0.0017937615273556232
VCH-4,0.0,0.333333333,0.0025413372548125633,0.0,0.0,0.0025413372548125633
VCH-5,0.0,0.487170825,0.04064624232624113,0.0,0.11785113,0.04064624232624113
VCH-6,0.0,1.021779327,0.16566745719148934,0.052704628,0.365856814,0.16566745719148934
VCH-7,0.0,1.660457843,0.24829971772492399,0.030429031,0.791423387,0.24829971772492399
SC-3,0.49279928,12.57469275,2.0364381036646404,1.28445705,8.87878459,2.0364381036646404
SC-4,0.0,0.577350269,0.05304160632168187,0.0,0.288675135,0.05304160632168187
SC-5,0.0,2.619466564,0.47503802266666667,0.083333333,1.890950123,0.47503802266666667
SC-6,0.0,1.265329332,0.03448090453444782,0.0,0.448623438,0.03448090453444782
VC-3,0.192386729,4.919615424,0.9934774040861196,0.624353619,4.325359878,0.9934774040861196
VC-4,0.0,0.5,0.023790105445795344,0.0,0.176776695,0.023790105445795344
VC-5,0.0,1.481058654,0.1881811407532928,0.016666667,0.756109935,0.1881811407532928
VC-6,0.0,0.432612053,0.01273042131155015,0.0,0.199757746,0.01273042131155015
SPC-4,0.841260992,20.68907516,4.602707391754812,3.207456976,15.91647935,4.602707391754812
SPC-5,0.954954785,25.43263337,7.491615546997466,4.691427653,21.5453195,7.491615546997466
SPC-6,1.236726408,36.24015292,10.930426795984294,5.945690778,30.43490194,10.930426795984294
VPC-4,0.305482393,7.074358427,2.0790861395258355,1.113421277,6.849082597,2.0790861395258355
VPC-5,0.329024132,12.29795388,3.048057892160081,1.194800353,10.56137433,3.048057892160081
VPC-6,0.330527768,18.54849168,3.839613179214285,1.202780146,14.32021114,3.839613179214285
SP-0,10.38890506,123.0889673,19.779869952786225,14.58757567,76.44164262,19.779869952786225
SP-1,6.630228955,76.7668832,13.577854046334853,9.636194227,47.98596232,13.577854046334853
SP-2,5.493017709,69.22067552,12.45392795192756,8.179087446,44.41330849,12.45392795192756
SP-3,4.1013543,46.97014861,10.461167263223405,7.010357956,31.44844876,10.461167263223405
SP-4,2.806913775,34.12991246,8.799045707329281,5.776163174,24.16224299,8.799045707329281
SP-5,1.851340648,27.22586992,7.327383449765957,4.238183537,18.27637748,7.327383449765957
SP-6,0.976675309,17.57642654,5.238181229563829,2.855964823,11.99553511,5.238181229563829
SP-7,0.597758698,12.74852507,3.869168709316616,1.747147803,8.584061564,3.869168709316616
VP-0,8.194431597,95.33733465,16.192174354494938,13.46448721,59.34817199,16.192174354494938
VP-1,4.699004209,55.92431431,9.784824368140324,8.357782031,34.12417758,9.784824368140324
VP-2,3.036346606,42.06130517,7.620849654585613,6.379230088,26.99956605,7.620849654585613
VP-3,1.834054351,26.34767734,5.649641287177812,4.066607425,16.61699247,5.649641287177812
VP-4,0.990050284,17.52180436,4.175449343125127,2.562576684,11.63552917,4.175449343125127
VP-5,0.607875564,11.72704693,2.998585279237082,1.651944775,8.77648871,2.998585279237082
VP-6,0.287626512,7.382275103,1.8490925018064843,0.937178282,5.957826527,1.8490925018064843
VP-7,0.13006091,4.980720424,1.1959323734989866,0.527204214,4.17756409,1.1959323734989866
CrippenLogP,-13.26645,12.07018,4.8561998429584605,-5.66474,7.80987,4.8561998429584605
CrippenMR,56.1508,615.6786,111.75436469098277,88.414,373.8833,111.75436469098277
ECCEN,196.0,15308.0,708.6180344478216,264.0,5606.0,708.6180344478216
nHBd,0.0,46.0,1.78419452887538,0.0,21.0,1.78419452887538
nwHBd,0.0,2.0,0.0182370820668693,0.0,0.0,0.0182370820668693
nHBa,0.0,68.0,4.855116514690983,2.0,35.0,4.855116514690983
nwHBa,0.0,32.0,16.38905775075988,10.0,29.0,16.38905775075988
nHBint2,0.0,68.0,0.40526849037487334,0.0,20.0,0.40526849037487334
nHBint3,0.0,59.0,0.40577507598784196,0.0,35.0,0.40577507598784196
nHBint4,0.0,9.0,0.7112462006079028,0.0,10.0,0.7112462006079028
nHBint5,0.0,39.0,0.5805471124620061,0.0,28.0,0.5805471124620061
nHBint6,0.0,86.0,0.7882472137791287,0.0,45.0,0.7882472137791287
nHBint7,0.0,49.0,0.5562310030395137,0.0,14.0,0.5562310030395137
nHBint8,0.0,88.0,0.49442755825734547,0.0,36.0,0.49442755825734547
nHBint9,0.0,93.0,0.5618034447821681,0.0,42.0,0.5618034447821681
nHBint10,0.0,50.0,0.9746707193515705,0.0,20.0,0.9746707193515705
nHsOH,0.0,6.0,1.3966565349544073,0.0,3.0,1.3966565349544073
nHdNH,0.0,8.0,0.013677811550151976,0.0,1.0,0.013677811550151976
nHsSH,0.0,1.0,0.0005065856129685917,0.0,0.0,0.0005065856129685917
nHsNH2,0.0,12.0,0.0425531914893617,0.0,4.0,0.0425531914893617
nHssNH,0.0,26.0,0.24772036474164133,0.0,12.0,0.24772036474164133
nHaaNH,0.0,2.0,0.07446808510638298,0.0,2.0,0.07446808510638298
nHsNH3p,0.0,0.0,0.0,0.0,0.0,0.0
nHssNH2p,0.0,0.0,0.0,0.0,0.0,0.0
nHsssNHp,0.0,0.0,0.0,0.0,0.0,0.0
nHtCH,0.0,1.0,0.008611955420466059,0.0,0.0,0.008611955420466059
nHdCH2,0.0,1.0,0.02330293819655522,0.0,2.0,0.02330293819655522
nHdsCH,0.0,6.0,0.37436676798378926,0.0,7.0,0.37436676798378926
nHaaCH,0.0,19.0,8.267477203647417,3.0,16.0,8.267477203647417
nHCHnX,0.0,2.0,0.020263424518743668,0.0,0.0,0.020263424518743668
nHCsats,0.0,64.0,5.070921985815603,2.0,40.0,5.070921985815603
nHCsatu,0.0,20.0,0.6418439716312057,0.0,15.0,0.6418439716312057
nHAvin,0.0,2.0,0.1773049645390071,0.0,2.0,0.1773049645390071
nHother,0.0,20.0,8.665146909827762,4.0,18.0,8.665146909827762
nHmisc,0.0,0.0,0.0,0.0,0.0,0.0
nsLi,0.0,0.0,0.0,0.0,0.0,0.0
nssBe,0.0,0.0,0.0,0.0,0.0,0.0
nssssBem,0.0,0.0,0.0,0.0,0.0,0.0
nsBH2,0.0,0.0,0.0,0.0,0.0,0.0
nssBH,0.0,0.0,0.0,0.0,0.0,0.0
nsssB,0.0,0.0,0.0,0.0,0.0,0.0
nssssBm,0.0,0.0,0.0,0.0,0.0,0.0
nsCH3,0.0,11.0,1.163627152988855,0.0,9.0,1.163627152988855
ndCH2,0.0,1.0,0.02330293819655522,0.0,2.0,0.02330293819655522
nssCH2,0.0,39.0,3.862208713272543,1.0,21.0,3.862208713272543
ntCH,0.0,1.0,0.008611955420466059,0.0,0.0,0.008611955420466059
ndsCH,0.0,6.0,0.37436676798378926,0.0,7.0,0.37436676798378926
naaCH,0.0,19.0,8.267477203647417,3.0,16.0,8.267477203647417
nsssCH,0.0,20.0,0.9148936170212766,0.0,15.0,0.9148936170212766
nddC,0.0,0.0,0.0,0.0,0.0,0.0
ntsC,0.0,2.0,0.057244174265450865,0.0,6.0,0.057244174265450865
ndssC,0.0,28.0,1.2847011144883485,0.0,15.0,1.2847011144883485
naasC,0.0,14.0,5.575987841945289,2.0,9.0,5.575987841945289
naaaC,0.0,6.0,0.7973657548125633,0.0,2.0,0.7973657548125633
nssssC,0.0,3.0,0.2740628166160081,0.0,2.0,0.2740628166160081
nsNH3p,0.0,0.0,0.0,0.0,0.0,0.0
nsNH2,0.0,12.0,0.0425531914893617,0.0,4.0,0.0425531914893617
nssNH2p,0.0,0.0,0.0,0.0,0.0,0.0
ndNH,0.0,8.0,0.013677811550151976,0.0,1.0,0.013677811550151976
nssNH,0.0,26.0,0.24772036474164133,0.0,12.0,0.24772036474164133
naaNH,0.0,2.0,0.07446808510638298,0.0,2.0,0.07446808510638298
ntN,0.0,2.0,0.0425531914893617,0.0,0.0,0.0425531914893617
nsssNHp,0.0,0.0,0.0,0.0,0.0,0.0
ndsN,0.0,2.0,0.06585612968591692,0.0,0.0,0.06585612968591692
naaN,0.0,6.0,0.35714285714285715,0.0,2.0,0.35714285714285715
nsssN,0.0,3.0,0.5379939209726444,0.0,2.0,0.5379939209726444
nddsN,0.0,0.0,0.0,0.0,0.0,0.0
naasN,0.0,2.0,0.09878419452887538,0.0,1.0,0.09878419452887538
nssssNp,0.0,1.0,0.0005065856129685917,0.0,0.0,0.0005065856129685917
nsOH,0.0,6.0,1.3966565349544073,0.0,3.0,1.3966565349544073
ndO,0.0,20.0,0.8267477203647416,0.0,15.0,0.8267477203647416
nssO,0.0,5.0,0.8520770010131712,0.0,4.0,0.8520770010131712
naaO,0.0,3.0,0.1524822695035461,0.0,0.0,0.1524822695035461
naOm,0.0,0.0,0.0,0.0,0.0,0.0
nsOm,0.0,2.0,0.010638297872340425,0.0,0.0,0.010638297872340425
nsF,0.0,6.0,0.28318135764944274,0.0,1.0,0.28318135764944274
nsSiH3,0.0,0.0,0.0,0.0,0.0,0.0
nssSiH2,0.0,0.0,0.0,0.0,0.0,0.0
nsssSiH,0.0,0.0,0.0,0.0,0.0,0.0
nssssSi,0.0,0.0,0.0,0.0,0.0,0.0
nsPH2,0.0,0.0,0.0,0.0,0.0,0.0
nssPH,0.0,0.0,0.0,0.0,0.0,0.0
nsssP,0.0,0.0,0.0,0.0,0.0,0.0
ndsssP,0.0,1.0,0.0010131712259371835,0.0,0.0,0.0010131712259371835
nddsP,0.0,0.0,0.0,0.0,0.0,0.0
nsssssP,0.0,0.0,0.0,0.0,0.0,0.0
nsSH,0.0,1.0,0.0005065856129685917,0.0,0.0,0.0005065856129685917
ndS,0.0,1.0,0.016717325227963525,0.0,0.0,0.016717325227963525
nssS,0.0,6.0,0.12360688956433637,0.0,1.0,0.12360688956433637
naaS,0.0,2.0,0.1038500506585613,0.0,1.0,0.1038500506585613
ndssS,0.0,1.0,0.0005065856129685917,0.0,0.0,0.0005065856129685917
nddssS,0.0,1.0,0.06231003039513678,0.0,1.0,0.06231003039513678
nssssssS,0.0,0.0,0.0,0.0,0.0,0.0
nSm,0.0,0.0,0.0,0.0,0.0,0.0
nsCl,0.0,6.0,0.10131712259371833,0.0,1.0,0.10131712259371833
nsGeH3,0.0,0.0,0.0,0.0,0.0,0.0
nssGeH2,0.0,0.0,0.0,0.0,0.0,0.0
nsssGeH,0.0,0.0,0.0,0.0,0.0,0.0
nssssGe,0.0,0.0,0.0,0.0,0.0,0.0
nsAsH2,0.0,0.0,0.0,0.0,0.0,0.0
nssAsH,0.0,0.0,0.0,0.0,0.0,0.0
nsssAs,0.0,0.0,0.0,0.0,0.0,0.0
ndsssAs,0.0,0.0,0.0,0.0,0.0,0.0
nddsAs,0.0,0.0,0.0,0.0,0.0,0.0
nsssssAs,0.0,0.0,0.0,0.0,0.0,0.0
nsSeH,0.0,0.0,0.0,0.0,0.0,0.0
ndSe,0.0,0.0,0.0,0.0,0.0,0.0
nssSe,0.0,0.0,0.0,0.0,0.0,0.0
naaSe,0.0,0.0,0.0,0.0,0.0,0.0
ndssSe,0.0,0.0,0.0,0.0,0.0,0.0
nssssssSe,0.0,0.0,0.0,0.0,0.0,0.0
nddssSe,0.0,0.0,0.0,0.0,0.0,0.0
nsBr,0.0,3.0,0.061296859169199594,0.0,0.0,0.061296859169199594
nsSnH3,0.0,0.0,0.0,0.0,0.0,0.0
nssSnH2,0.0,0.0,0.0,0.0,0.0,0.0
nsssSnH,0.0,0.0,0.0,0.0,0.0,0.0
nssssSn,0.0,0.0,0.0,0.0,0.0,0.0
nsI,0.0,2.0,0.00303951367781155,0.0,0.0,0.00303951367781155
nsPbH3,0.0,0.0,0.0,0.0,0.0,0.0
nssPbH2,0.0,0.0,0.0,0.0,0.0,0.0
nsssPbH,0.0,0.0,0.0,0.0,0.0,0.0
nssssPb,0.0,0.0,0.0,0.0,0.0,0.0
SHBd,0.0,18.16195369,0.8863378069240121,0.0,8.169384124,0.8863378069240121
SwHBd,0.0,2.078839967,0.014872475090678823,0.0,0.0,0.014872475090678823
SHBa,-3.938214487,476.2225593,35.96344828828572,8.88647828,280.4501839,35.96344828828572
SwHBa,-21.76165365,49.9667495,20.63995582056586,-7.358047588,42.39210556,20.63995582056586
SHBint2,-0.715245929,201.427843,1.8526651180450862,0.0,81.08167958,1.8526651180450862
SHBint3,-1.681889077,105.5234505,1.1349508585997974,0.0,70.02389105,1.1349508585997974
SHBint4,-1.797386655,46.07845202,2.010467541349544,0.0,28.01203359,2.010467541349544
SHBint5,-1.262047385,95.42101336,1.5487022311788248,0.0,102.1207395,1.5487022311788248
SHBint6,-1.059134764,177.7878065,2.3096863453470107,0.0,110.5399172,2.3096863453470107
SHBint7,-1.236763239,108.9885973,2.070080998816616,-0.451669354,37.77091454,2.070080998816616
SHBint8,-4.533767646,274.4225157,2.0721024774442753,-0.713091224,141.2271604,2.0721024774442753
SHBint9,-0.717293526,288.2252514,2.2082316076377912,0.0,109.2778274,2.2082316076377912
SHBint10,-1.487696688,113.5673642,4.332829413593719,0.0,62.79646144,4.332829413593719
SHsOH,0.0,2.744660938,0.7275068630800405,0.0,1.26356247,0.7275068630800405
SHdNH,0.0,4.024782878,0.007320474022289766,0.0,0.504434466,0.007320474022289766
SHsSH,0.0,0.613979437,0.00031103314944275586,0.0,0.0,0.00031103314944275586
SHsNH2,0.0,6.156436121,0.022174303827760894,0.0,2.122840532,0.022174303827760894
SHssNH,0.0,7.980734686,0.092924085316616,0.0,3.69438371,0.092924085316616
SHaaNH,0.0,0.96107911,0.03174733955825734,0.0,0.824652608,0.03174733955825734
SHsNH3p,0.0,0.0,0.0,0.0,0.0,0.0
SHssNH2p,0.0,0.0,0.0,0.0,0.0,0.0
SHsssNHp,0.0,0.0,0.0,0.0,0.0,0.0
SHtCH,0.0,0.630461518,0.004353707969098277,0.0,0.0,0.004353707969098277
SHdCH2,0.0,0.551784767,0.010279098802431611,0.0,0.897076774,0.010279098802431611
SHdsCH,0.0,3.59288344,0.20647837148784198,0.0,3.393002971,0.20647837148784198
SHaaCH,0.0,9.578803937,4.342322597350559,1.256134219,8.574150035,4.342322597350559
SHCHnX,0.0,2.078839967,0.01572818275835866,0.0,0.0,0.01572818275835866
SHCsats,0.0,46.25758995,2.440384335647923,0.938834933,29.31895386,2.440384335647923
SHCsatu,0.0,19.45814896,0.4329868155430598,0.0,13.72568637,0.4329868155430598
SHAvin,0.0,1.613139477,0.10126791792755827,0.0,1.050055189,0.10126791792755827
SHother,0.0,10.61887944,4.559080067647417,1.731111203,9.724001431,4.559080067647417
SHmisc,0.0,0.0,0.0,0.0,0.0,0.0
SsLi,0.0,0.0,0.0,0.0,0.0,0.0
SssBe,0.0,0.0,0.0,0.0,0.0,0.0
SssssBem,0.0,0.0,0.0,0.0,0.0,0.0
SsBH2,0.0,0.0,0.0,0.0,0.0,0.0
SssBH,0.0,0.0,0.0,0.0,0.0,0.0
SsssB,0.0,0.0,0.0,0.0,0.0,0.0
SssssBm,0.0,0.0,0.0,0.0,0.0,0.0
SsCH3,0.0,19.81546545,2.3176354920633235,0.0,15.16120901,2.3176354920633235
SdCH2,0.0,4.299658683,0.09036325198480243,0.0,7.503754139,0.09036325198480243
SssCH2,-2.553213478,26.74483713,3.563058148689463,-2.796501736,8.661646042,3.563058148689463
StCH,0.0,6.076623599,0.04878166407700101,0.0,0.0,0.04878166407700101
SdsCH,0.0,9.572885881,0.6025728559913879,0.0,11.63906818,0.6025728559913879
SaaCH,0.0,40.14654165,15.191043688825735,5.535454031,30.47313337,15.191043688825735
SsssCH,-23.89082661,5.134259509,0.050748746158054685,-17.65113268,1.458847618,0.050748746158054685
SddC,0.0,0.0,0.0,0.0,0.0,0.0
StsC,0.0,6.282013459,0.13177359564589666,0.0,17.70394266,0.13177359564589666
SdssC,-21.76165365,13.0992776,0.26994046097517727,-14.9307577,2.615334587,0.26994046097517727
SaasC,-11.31713774,11.37341473,3.5893298462933134,0.820065744,7.478033899,3.5893298462933134
SaaaC,-0.656560374,8.429252308,0.7161504568779129,0.0,2.33549283,0.7161504568779129
SssssC,-10.73488402,0.863008038,-0.25094098412512666,-3.812832283,0.238955761,-0.25094098412512666
SsNH3p,0.0,0.0,0.0,0.0,0.0,0.0
SsNH2,0.0,67.4424528,0.2422696028444782,0.0,22.09976679,0.2422696028444782
SssNH2p,0.0,0.0,0.0,0.0,0.0,0.0
SdNH,0.0,61.48867563,0.10340134345288754,0.0,7.743144653,0.10340134345288754
SssNH,0.0,67.5741178,0.7270323745937183,0.0,31.4715563,0.7270323745937183
SaaNH,0.0,6.791947108,0.23699082873252278,0.0,5.798802907,0.23699082873252278
StN,0.0,19.18244596,0.3980224816413374,0.0,0.0,0.3980224816413374
SsssNHp,0.0,0.0,0.0,0.0,0.0,0.0
SdsN,0.0,9.354002632,0.27800729870263424,0.0,0.0,0.27800729870263424
SaaN,0.0,24.02359203,1.5411853733125636,0.0,9.737122647,1.5411853733125636
SsssN,0.0,7.785470379,1.1604607825901723,0.0,4.288124013,1.1604607825901723
SddsN,0.0,0.0,0.0,0.0,0.0,0.0
SaasN,0.0,4.627830258,0.20130693013373863,0.0,1.977682351,0.20130693013373863
SssssNp,0.0,0.868779814,0.0004401113546099291,0.0,0.0,0.0004401113546099291
SsOH,0.0,65.62532567,13.59935794300456,0.0,33.29203968,13.59935794300456
SdO,0.0,283.941443,10.326996265764945,0.0,205.012425,10.326996265764945
SssO,0.0,30.02512935,4.970971976553698,0.0,22.69954816,4.970971976553698
SaaO,0.0,16.88053454,0.8382702664098277,0.0,0.0,0.8382702664098277
SaOm,0.0,0.0,0.0,0.0,0.0,0.0
SsOm,0.0,22.56936746,0.11885787328774063,0.0,0.0,0.11885787328774063
SsF,0.0,82.41701489,3.833716449148936,0.0,14.10409939,3.833716449148936
SsSiH3,0.0,0.0,0.0,0.0,0.0,0.0
SssSiH2,0.0,0.0,0.0,0.0,0.0,0.0
SsssSiH,0.0,0.0,0.0,0.0,0.0,0.0
SssssSi,0.0,0.0,0.0,0.0,0.0,0.0
SsPH2,0.0,0.0,0.0,0.0,0.0,0.0
SssPH,0.0,0.0,0.0,0.0,0.0,0.0
SsssP,0.0,0.0,0.0,0.0,0.0,0.0
SdsssP,-5.762708556,0.0,-0.0058329192223910845,0.0,0.0,-0.0058329192223910845
SddsP,0.0,0.0,0.0,0.0,0.0,0.0
SsssssP,0.0,0.0,0.0,0.0,0.0,0.0
SsSH,0.0,0.301560244,0.00015276608105369808,0.0,0.0,0.00015276608105369808
SdS,0.0,0.903523525,0.007294422405268491,0.0,0.0,0.007294422405268491
SssS,-4.224129978,0.0,-0.18900905730192502,-1.360924968,0.0,-0.18900905730192502
SaaS,-3.110933322,0.0,-0.15733273682928067,-0.978561377,0.0,-0.15733273682928067
SdssS,-3.339571677,0.0,-0.0016917789650455926,0.0,0.0,-0.0016917789650455926
SddssS,-6.543826117,0.0,-0.3480687351200608,-5.978139072,0.0,-0.3480687351200608
SssssssS,0.0,0.0,0.0,0.0,0.0,0.0
SSm,0.0,0.0,0.0,0.0,0.0,0.0
SsCl,0.0,4.650956483,0.06901531919199595,0.0,0.647207819,0.06901531919199595
SsGeH3,0.0,0.0,0.0,0.0,0.0,0.0
SssGeH2,0.0,0.0,0.0,0.0,0.0,0.0
SsssGeH,0.0,0.0,0.0,0.0,0.0,0.0
SssssGe,0.0,0.0,0.0,0.0,0.0,0.0
SsAsH2,0.0,0.0,0.0,0.0,0.0,0.0
SssAsH,0.0,0.0,0.0,0.0,0.0,0.0
SsssAs,0.0,0.0,0.0,0.0,0.0,0.0
SdsssAs,0.0,0.0,0.0,0.0,0.0,0.0
SddsAs,0.0,0.0,0.0,0.0,0.0,0.0
SsssssAs,0.0,0.0,0.0,0.0,0.0,0.0
SsSeH,0.0,0.0,0.0,0.0,0.0,0.0
SdSe,0.0,0.0,0.0,0.0,0.0,0.0
SssSe,0.0,0.0,0.0,0.0,0.0,0.0
SaaSe,0.0,0.0,0.0,0.0,0.0,0.0
SdssSe,0.0,0.0,0.0,0.0,0.0,0.0
SssssssSe,0.0,0.0,0.0,0.0,0.0,0.0
SddssSe,0.0,0.0,0.0,0.0,0.0,0.0
SsBr,-0.512692356,0.68065986,0.003786463946808511,0.0,0.0,0.003786463946808511
SsSnH3,0.0,0.0,0.0,0.0,0.0,0.0
SssSnH2,0.0,0.0,0.0,0.0,0.0,0.0
SsssSnH,0.0,0.0,0.0,0.0,0.0,0.0
SssssSn,0.0,0.0,0.0,0.0,0.0,0.0
SsI,-0.097058433,0.0,-0.00013868286423505572,0.0,0.0,-0.00013868286423505572
SsPbH3,0.0,0.0,0.0,0.0,0.0,0.0
SssPbH2,0.0,0.0,0.0,0.0,0.0,0.0
SsssPbH,0.0,0.0,0.0,0.0,0.0,0.0
SssssPb,0.0,0.0,0.0,0.0,0.0,0.0
minHBd,-0.123252439,0.762616899,0.43501678093819657,-0.011109615,0.554402383,0.43501678093819657
minwHBd,0.0,1.356534757,0.01416704914539007,0.0,0.0,0.01416704914539007
minHBa,-2.454097858,13.6650479,2.8233833985207704,-1.360924968,8.804754284,2.8233833985207704
minwHBa,-2.031165255,2.025780849,-0.09674146848429586,-1.603759568,0.718218257,-0.09674146848429586
minHBint2,-1.248481339,7.925650294,1.0626441155982775,0.0,8.271759109,1.0626441155982775
minHBint3,-1.190137274,9.869265001,0.6096096317644378,0.0,8.373133335,0.6096096317644378
minHBint4,-1.191326541,10.08211514,0.7619828734655524,0.0,3.795468262,0.7619828734655524
minHBint5,-1.19807343,11.55532437,0.77662509891692,0.0,3.926174587,0.77662509891692
minHBint6,-1.059134764,7.661585764,1.0125074931433637,0.0,4.058655125,1.0125074931433637
minHBint7,-1.236763239,10.79701865,1.1747849652462006,-0.451669354,4.634145558,1.1747849652462006
minHBint8,-1.651731382,9.288132713,1.1544953333449848,-0.713091224,3.219319691,1.1544953333449848
minHBint9,-0.749881595,10.37800789,0.8641157313652483,-0.035617555,2.912217986,0.8641157313652483
minHBint10,-1.487696688,10.59432217,1.8938362957001014,-0.111940906,3.029596356,1.8938362957001014
minHsOH,-0.123252439,0.762616899,0.384151118760385,-0.011109615,0.554402383,0.384151118760385
minHdNH,0.0,0.663650389,0.004111985612462007,0.0,0.504434466,0.004111985612462007
minHsSH,0.0,0.613979437,0.00031103314944275586,0.0,0.0,0.00031103314944275586
minHsNH2,0.0,0.651294851,0.012890939020770011,0.0,0.61913421,0.012890939020770011
minHssNH,0.0,0.689662695,0.06424243965045592,0.0,0.706641666,0.06424243965045592
minHaaNH,0.0,0.743763742,0.030846251039513675,0.0,0.399556318,0.030846251039513675
minHsNH3p,0.0,0.0,0.0,0.0,0.0,0.0
minHssNH2p,0.0,0.0,0.0,0.0,0.0,0.0
minHsssNHp,0.0,0.0,0.0,0.0,0.0,0.0
minHtCH,0.0,0.630461518,0.004353707969098277,0.0,0.0,0.004353707969098277
minHdCH2,0.0,0.551784767,0.010279098802431611,0.0,0.442449678,0.010279098802431611
minHdsCH,0.0,0.820826956,0.12001192830800404,0.0,0.717805501,0.12001192830800404
minHaaCH,0.0,0.789241952,0.47416887383383993,0.268320224,0.630675202,0.47416887383383993
minHCHnX,0.0,1.356534757,0.015022756813069908,0.0,0.0,0.015022756813069908
minHCsats,0.0,1.108461396,0.27393037877051674,0.273378199,0.716259605,0.27393037877051674
minHCsatu,0.0,1.118276998,0.24335473438297875,0.0,0.883610218,0.24335473438297875
minHAvin,0.0,0.820826956,0.08891247625886524,0.0,0.717805501,0.08891247625886524
minHother,0.0,0.789241952,0.47766750657396145,0.268320224,0.62978231,0.47766750657396145
minHmisc,0.0,0.0,0.0,0.0,0.0,0.0
minsLi,0.0,0.0,0.0,0.0,0.0,0.0
minssBe,0.0,0.0,0.0,0.0,0.0,0.0
minssssBem,0.0,0.0,0.0,0.0,0.0,0.0
minsBH2,0.0,0.0,0.0,0.0,0.0,0.0
minssBH,0.0,0.0,0.0,0.0,0.0,0.0
minsssB,0.0,0.0,0.0,0.0,0.0,0.0
minssssBm,0.0,0.0,0.0,0.0,0.0,0.0
minsCH3,0.0,2.524002925,1.227974184612462,0.0,2.216787234,1.227974184612462
mindCH2,0.0,4.299658683,0.09036325198480243,0.0,3.729577096,0.09036325198480243
minssCH2,-1.327580546,1.322767683,0.4005302551499494,-1.075697689,1.211915391,0.4005302551499494
mintCH,0.0,6.076623599,0.04878166407700101,0.0,0.0,0.04878166407700101
mindsCH,0.0,2.578590837,0.33424680572391086,0.0,2.09098664,0.33424680572391086
minaaCH,-0.096028807,2.229705892,1.5476021761484298,1.301421285,1.923167301,1.5476021761484298
minsssCH,-3.079984508,0.964655402,-0.05916632545947314,-1.938266439,0.131374608,-0.05916632545947314
minddC,0.0,0.0,0.0,0.0,0.0,0.0
mintsC,0.0,3.20084538,0.11679498297619048,0.0,3.134592728,0.11679498297619048
mindssC,-1.903425926,2.025780849,-0.04071245255977712,-1.603759568,1.236083141,-0.04071245255977712
minaasC,-2.031165255,1.378122166,0.15902525187132724,-0.376294442,0.718218257,0.15902525187132724
minaaaC,-0.656560374,1.377122176,0.2875728488485309,0.0,1.095039893,0.2875728488485309
minssssC,-5.734788124,0.664809724,-0.22961973629837892,-2.001756958,0.238955761,-0.22961973629837892
minsNH3p,0.0,0.0,0.0,0.0,0.0,0.0
minsNH2,0.0,6.667316704,0.14505019506484296,0.0,5.421422295,0.14505019506484296
minssNH2p,0.0,0.0,0.0,0.0,0.0,0.0
mindNH,0.0,8.781421181,0.05680173677912867,0.0,7.743144653,0.05680173677912867
minssNH,0.0,3.837686244,0.5042961385364741,0.0,3.496811303,0.5042961385364741
minaaNH,0.0,3.709729047,0.2302039297355623,0.0,3.515196838,0.2302039297355623
mintN,0.0,10.70699605,0.37442595251874367,0.0,0.0,0.37442595251874367
minsssNHp,0.0,0.0,0.0,0.0,0.0,0.0
mindsN,0.0,5.137556269,0.2648493173708207,0.0,0.0,0.2648493173708207
minaaN,0.0,5.054411218,1.0340659876499494,0.0,4.862323655,1.0340659876499494
minsssN,0.0,2.734772118,0.9511204781251268,0.0,2.469383727,0.9511204781251268
minddsN,0.0,0.0,0.0,0.0,0.0,0.0
minaasN,0.0,2.486523916,0.19709117024468084,0.0,1.977682351,0.19709117024468084
minssssNp,0.0,0.868779814,0.0004401113546099291,0.0,0.0,0.0004401113546099291
minsOH,0.0,11.73233644,7.527083171306485,0.0,10.11489141,7.527083171306485
mindO,0.0,14.39117539,6.481881104042554,0.0,13.73992275,6.481881104042554
minssO,0.0,6.726366432,2.9950704179133742,0.0,6.055800682,2.9950704179133742
minaaO,0.0,6.578309156,0.7934128910947315,0.0,0.0,0.7934128910947315
minaOm,0.0,0.0,0.0,0.0,0.0,0.0
minsOm,0.0,12.36091144,0.10184728977710232,0.0,0.0,0.10184728977710232
minsF,0.0,15.47799123,2.243190446033435,0.0,14.10409939,2.243190446033435
minsSiH3,0.0,0.0,0.0,0.0,0.0,0.0
minssSiH2,0.0,0.0,0.0,0.0,0.0,0.0
minsssSiH,0.0,0.0,0.0,0.0,0.0,0.0
minssssSi,0.0,0.0,0.0,0.0,0.0,0.0
minsPH2,0.0,0.0,0.0,0.0,0.0,0.0
minssPH,0.0,0.0,0.0,0.0,0.0,0.0
minsssP,0.0,0.0,0.0,0.0,0.0,0.0
mindsssP,-5.762708556,0.0,-0.0058329192223910845,0.0,0.0,-0.0058329192223910845
minddsP,0.0,0.0,0.0,0.0,0.0,0.0
minsssssP,0.0,0.0,0.0,0.0,0.0,0.0
minsSH,0.0,0.301560244,0.00015276608105369808,0.0,0.0,0.00015276608105369808
mindS,0.0,0.903523525,0.007294422405268491,0.0,0.0,0.007294422405268491
minssS,-2.454097858,0.0,-0.1753524757502533,-1.360924968,0.0,-0.1753524757502533
minaaS,-2.323551624,0.0,-0.14696420281104355,-0.978561377,0.0,-0.14696420281104355
mindssS,-3.339571677,0.0,-0.0016917789650455926,0.0,0.0,-0.0016917789650455926
minddssS,-6.543826117,0.0,-0.3480687351200608,-5.978139072,0.0,-0.3480687351200608
minssssssS,0.0,0.0,0.0,0.0,0.0,0.0
minSm,0.0,0.0,0.0,0.0,0.0,0.0
minsCl,0.0,1.043876873,0.05944476313019251,0.0,0.647207819,0.05944476313019251
minsGeH3,0.0,0.0,0.0,0.0,0.0,0.0
minssGeH2,0.0,0.0,0.0,0.0,0.0,0.0
minsssGeH,0.0,0.0,0.0,0.0,0.0,0.0
minssssGe,0.0,0.0,0.0,0.0,0.0,0.0
minsAsH2,0.0,0.0,0.0,0.0,0.0,0.0
minssAsH,0.0,0.0,0.0,0.0,0.0,0.0
minsssAs,0.0,0.0,0.0,0.0,0.0,0.0
mindsssAs,0.0,0.0,0.0,0.0,0.0,0.0
minddsAs,0.0,0.0,0.0,0.0,0.0,0.0
minsssssAs,0.0,0.0,0.0,0.0,0.0,0.0
minsSeH,0.0,0.0,0.0,0.0,0.0,0.0
mindSe,0.0,0.0,0.0,0.0,0.0,0.0
minssSe,0.0,0.0,0.0,0.0,0.0,0.0
minaaSe,0.0,0.0,0.0,0.0,0.0,0.0
mindssSe,0.0,0.0,0.0,0.0,0.0,0.0
minssssssSe,0.0,0.0,0.0,0.0,0.0,0.0
minddssSe,0.0,0.0,0.0,0.0,0.0,0.0
minsBr,-0.512692356,0.408497907,0.0035206535278622087,0.0,0.0,0.0035206535278622087
minsSnH3,0.0,0.0,0.0,0.0,0.0,0.0
minssSnH2,0.0,0.0,0.0,0.0,0.0,0.0
minsssSnH,0.0,0.0,0.0,0.0,0.0,0.0
minssssSn,0.0,0.0,0.0,0.0,0.0,0.0
minsI,-0.059350264,0.0,-9.458653799392096e-05,0.0,0.0,-9.458653799392096e-05
minsPbH3,0.0,0.0,0.0,0.0,0.0,0.0
minssPbH2,0.0,0.0,0.0,0.0,0.0,0.0
minsssPbH,0.0,0.0,0.0,0.0,0.0,0.0
minssssPb,0.0,0.0,0.0,0.0,0.0,0.0
maxHBd,0.0,0.852772151,0.500463497949848,0.0,0.753953534,0.500463497949848
maxwHBd,0.0,1.392510815,0.01452479061651469,0.0,0.0,0.01452479061651469
maxHBa,0.0,15.47799123,11.526675903375379,5.861533847,15.26875158,11.526675903375379
maxwHBa,0.0,6.076623599,2.071161933196555,1.482528401,3.774177043,2.071161933196555
maxHBint2,0.0,7.995505794,1.2773997006479232,0.0,8.271759109,1.2773997006479232
maxHBint3,0.0,9.869265001,0.7579970488586627,0.0,8.373133335,0.7579970488586627
maxHBint4,0.0,10.08211514,1.217798661919453,0.0,5.848555812,1.217798661919453
maxHBint5,0.0,11.55532437,1.1020292164503547,0.0,8.054553974,1.1020292164503547
maxHBint6,0.0,8.586850842,1.5761537132112462,0.0,7.962037289,1.5761537132112462
maxHBint7,0.0,10.79701865,1.474983673737082,0.0,8.137656347,1.474983673737082
maxHBint8,0.0,9.288132713,1.3197397974260385,0.0,8.518762543,1.3197397974260385
maxHBint9,0.0,10.37800789,1.1008410319483282,0.0,8.069562558,1.1008410319483282
maxHBint10,0.0,10.59432217,2.3940956972917937,0.0,8.500418818,2.3940956972917937
maxHsOH,0.0,0.852772151,0.4288242982198581,0.0,0.753953534,0.4288242982198581
maxHdNH,0.0,0.663650389,0.0042603058789260385,0.0,0.504434466,0.0042603058789260385
maxHsSH,0.0,0.613979437,0.00031103314944275586,0.0,0.0,0.00031103314944275586
maxHsNH2,0.0,0.651294851,0.013566843881965553,0.0,0.61913421,0.013566843881965553
maxHssNH,0.0,0.689662695,0.06708533937436677,0.0,0.706641666,0.06708533937436677
maxHaaNH,0.0,0.743763742,0.03096490276089159,0.0,0.429254754,0.03096490276089159
maxHsNH3p,0.0,0.0,0.0,0.0,0.0,0.0
maxHssNH2p,0.0,0.0,0.0,0.0,0.0,0.0
maxHsssNHp,0.0,0.0,0.0,0.0,0.0,0.0
maxHtCH,0.0,0.630461518,0.004353707969098277,0.0,0.0,0.004353707969098277
maxHdCH2,0.0,0.551784767,0.010279098802431611,0.0,0.454627096,0.010279098802431611
maxHdsCH,0.0,0.845920569,0.12946460540070923,0.0,0.717805501,0.12946460540070923
maxHaaCH,0.0,0.992777778,0.5691301558368793,0.443024442,0.680799255,0.5691301558368793
maxHCHnX,0.0,1.392510815,0.015380498284194528,0.0,0.0,0.015380498284194528
maxHCsats,0.0,1.287118804,0.4645109411940223,0.360523904,1.111819692,0.4645109411940223
maxHCsatu,0.0,1.118276998,0.27065174116464036,0.0,1.111819692,0.27065174116464036
maxHAvin,0.0,0.820826956,0.08952690327406282,0.0,0.717805501,0.08952690327406282
maxHother,0.0,0.992777778,0.585851673772543,0.443024442,0.717805501,0.585851673772543
maxHmisc,0.0,0.0,0.0,0.0,0.0,0.0
maxsLi,0.0,0.0,0.0,0.0,0.0,0.0
maxssBe,0.0,0.0,0.0,0.0,0.0,0.0
maxssssBem,0.0,0.0,0.0,0.0,0.0,0.0
maxsBH2,0.0,0.0,0.0,0.0,0.0,0.0
maxssBH,0.0,0.0,0.0,0.0,0.0,0.0
maxsssB,0.0,0.0,0.0,0.0,0.0,0.0
maxssssBm,0.0,0.0,0.0,0.0,0.0,0.0
maxsCH3,0.0,2.583519463,1.285789110869301,0.0,2.304423439,1.285789110869301
maxdCH2,0.0,4.299658683,0.09036325198480243,0.0,3.774177043,0.09036325198480243
maxssCH2,0.0,1.520189295,0.72001888602077,0.297604762,1.309337732,0.72001888602077
maxtCH,0.0,6.076623599,0.04878166407700101,0.0,0.0,0.04878166407700101
maxdsCH,0.0,2.578590837,0.37715786785612965,0.0,2.091175492,0.37715786785612965
maxaaCH,0.0,2.482605453,1.9244324763470113,1.473753299,2.548947783,1.9244324763470113
maxsssCH,0.0,0.977518833,0.12449763462512664,0.0,0.55226426,0.12449763462512664
maxddC,0.0,0.0,0.0,0.0,0.0,0.0
maxtsC,0.0,3.241049001,0.11740882623910841,0.0,3.241631366,0.11740882623910841
maxdssC,0.0,2.340588231,0.322425484597771,0.0,1.379251446,0.322425484597771
maxaasC,0.0,1.773491512,1.0123465788652481,0.510107973,1.76276833,1.0123465788652481
maxaaaC,0.0,1.578394624,0.3346650788171226,0.0,1.240452937,0.3346650788171226
maxssssC,0.0,0.664809724,0.013634596088652485,0.0,0.238955761,0.013634596088652485
maxsNH3p,0.0,0.0,0.0,0.0,0.0,0.0
maxsNH2,0.0,6.667316704,0.14832344701266464,0.0,5.851712691,0.14832344701266464
maxssNH2p,0.0,0.0,0.0,0.0,0.0,0.0
maxdNH,0.0,8.781421181,0.05764313115552178,0.0,7.743144653,0.05764313115552178
maxssNH,0.0,3.837686244,0.5131497637274569,0.0,3.496811303,0.5131497637274569
maxaaNH,0.0,3.709729047,0.23046827713120566,0.0,3.515196838,0.23046827713120566
maxtN,0.0,10.70699605,0.37456789291945297,0.0,0.0,0.37456789291945297
maxsssNHp,0.0,0.0,0.0,0.0,0.0,0.0
maxdsN,0.0,5.137556269,0.2653531048920973,0.0,0.0,0.2653531048920973
maxaaN,0.0,5.054411218,1.0543850604873355,0.0,4.882093434,1.0543850604873355
maxsssN,0.0,2.734772118,0.9729610390491388,0.0,2.469383727,0.9729610390491388
maxddsN,0.0,0.0,0.0,0.0,0.0,0.0
maxaasN,0.0,2.486523916,0.19754130967071937,0.0,1.977682351,0.19754130967071937
maxssssNp,0.0,0.868779814,0.0004401113546099291,0.0,0.0,0.0004401113546099291
maxsOH,0.0,12.47085005,7.761551984797366,0.0,11.70716767,7.761551984797366
maxdO,0.0,14.96415633,6.637687526352583,0.0,15.26875158,6.637687526352583
maxssO,0.0,6.727137384,3.121853203970112,0.0,6.379140696,3.121853203970112
maxaaO,0.0,6.578309156,0.7955239908409322,0.0,0.0,0.7955239908409322
maxaOm,0.0,0.0,0.0,0.0,0.0,0.0
maxsOm,0.0,12.36091144,0.10227921414893618,0.0,0.0,0.10227921414893618
maxsF,0.0,15.47799123,2.2586226757092196,0.0,14.10409939,2.2586226757092196
maxsSiH3,0.0,0.0,0.0,0.0,0.0,0.0
maxssSiH2,0.0,0.0,0.0,0.0,0.0,0.0
maxsssSiH,0.0,0.0,0.0,0.0,0.0,0.0
maxssssSi,0.0,0.0,0.0,0.0,0.0,0.0
maxsPH2,0.0,0.0,0.0,0.0,0.0,0.0
maxssPH,0.0,0.0,0.0,0.0,0.0,0.0
maxsssP,0.0,0.0,0.0,0.0,0.0,0.0
maxdsssP,0.0,0.0,0.0,0.0,0.0,0.0
maxddsP,0.0,0.0,0.0,0.0,0.0,0.0
maxsssssP,0.0,0.0,0.0,0.0,0.0,0.0
maxsSH,0.0,0.301560244,0.00015276608105369808,0.0,0.0,0.00015276608105369808
maxdS,0.0,0.903523525,0.007294422405268491,0.0,0.0,0.007294422405268491
maxssS,0.0,0.0,0.0,0.0,0.0,0.0
maxaaS,0.0,0.0,0.0,0.0,0.0,0.0
maxdssS,0.0,0.0,0.0,0.0,0.0,0.0
maxddssS,0.0,0.0,0.0,0.0,0.0,0.0
maxssssssS,0.0,0.0,0.0,0.0,0.0,0.0
maxSm,0.0,0.0,0.0,0.0,0.0,0.0
maxsCl,0.0,1.043876873,0.060175239034447825,0.0,0.647207819,0.060175239034447825
maxsGeH3,0.0,0.0,0.0,0.0,0.0,0.0
maxssGeH2,0.0,0.0,0.0,0.0,0.0,0.0
maxsssGeH,0.0,0.0,0.0,0.0,0.0,0.0
maxssssGe,0.0,0.0,0.0,0.0,0.0,0.0
maxsAsH2,0.0,0.0,0.0,0.0,0.0,0.0
maxssAsH,0.0,0.0,0.0,0.0,0.0,0.0
maxsssAs,0.0,0.0,0.0,0.0,0.0,0.0
maxdsssAs,0.0,0.0,0.0,0.0,0.0,0.0
maxddsAs,0.0,0.0,0.0,0.0,0.0,0.0
maxsssssAs,0.0,0.0,0.0,0.0,0.0,0.0
maxsSeH,0.0,0.0,0.0,0.0,0.0,0.0
maxdSe,0.0,0.0,0.0,0.0,0.0,0.0
maxssSe,0.0,0.0,0.0,0.0,0.0,0.0
maxaaSe,0.0,0.0,0.0,0.0,0.0,0.0
maxdssSe,0.0,0.0,0.0,0.0,0.0,0.0
maxssssssSe,0.0,0.0,0.0,0.0,0.0,0.0
maxddssSe,0.0,0.0,0.0,0.0,0.0,0.0
maxsBr,0.0,0.408497907,0.005905001479229989,0.0,0.0,0.005905001479229989
maxsSnH3,0.0,0.0,0.0,0.0,0.0,0.0
maxssSnH2,0.0,0.0,0.0,0.0,0.0,0.0
maxsssSnH,0.0,0.0,0.0,0.0,0.0,0.0
maxssssSn,0.0,0.0,0.0,0.0,0.0,0.0
maxsI,0.0,0.0,0.0,0.0,0.0,0.0
maxsPbH3,0.0,0.0,0.0,0.0,0.0,0.0
maxssPbH2,0.0,0.0,0.0,0.0,0.0,0.0
maxsssPbH,0.0,0.0,0.0,0.0,0.0,0.0
maxssssPb,0.0,0.0,0.0,0.0,0.0,0.0
sumI,29.83333333,442.1296296,64.30370023853597,38.56481481,279.0,64.30370023853597
hmax,0.320119402,1.745828322,0.7939688538454914,0.461564665,1.617941093,0.7939688538454914
gmax,3.578954082,15.47799123,11.592696294381964,5.861533847,15.26875158,11.592696294381964
hmin,-0.588781415,0.388364158,-0.09419393569300911,-0.451140533,0.1986815,-0.09419393569300911
gmin,-6.543826117,1.17611678,-1.005783472882472,-5.978139072,0.647207819,-1.005783472882472
LipoaffinityIndex,-4.588879876,23.00368137,8.67592359464843,1.133043306,15.23325016,8.67592359464843
MAXDN,0.490549887,6.984788124,2.3122677172401214,0.94844841,6.302213146,2.3122677172401214
MAXDP,1.078954082,7.964156331,4.930701065217325,2.361533847,8.268751579,4.930701065217325
DELS,5.278675359,376.2840761,30.44934523797974,11.97404043,235.5431895,30.44934523797974
MAXDN2,0.490549887,6.984788124,2.1697101317953393,1.274993439,4.999861219,2.1697101317953393
MAXDP2,1.078954082,7.962009119,4.902743662791793,2.333879526,8.268751579,4.902743662791793
DELS2,5.278675359,374.1234401,30.610283651184908,10.36173564,235.5431895,30.610283651184908
ETA_Alpha,6.49999,74.23326,13.484179321175278,10.16666,46.23328,13.484179321175278
ETA_AlphaP,0.41476,0.61161,0.48008920972644376,0.45185,0.50833,0.48008920972644376
ETA_dAlpha_A,0.0,0.11161,0.0013469250253292807,0.0,0.00833,0.0013469250253292807
ETA_dAlpha_B,0.0,0.08524,0.02125772036474164,0.0,0.04815,0.02125772036474164
ETA_Epsilon_1,0.47296,0.84349,0.6027458257345492,0.50071,0.64587,0.6027458257345492
ETA_Epsilon_2,0.71667,1.11524,0.8281414690982776,0.74921,0.90875,0.8281414690982776
ETA_Epsilon_3,0.43211,0.45273,0.44343389057750765,0.43422,0.44505,0.44343389057750765
ETA_Epsilon_4,0.4558,0.79408,0.5272758611955419,0.4655,0.58958,0.5272758611955419
ETA_Epsilon_5,0.69861,1.04113,0.7955042147922998,0.72879,0.84949,0.7955042147922998
ETA_dEpsilon_A,0.02559,0.40556,0.15931172745694022,0.063,0.20301,0.15931172745694022
ETA_dEpsilon_B,0.0,0.17581,0.0754696757852077,0.00844,0.10232,0.0754696757852077
ETA_dEpsilon_C,-0.35615,-0.00977,-0.08384199088145898,-0.15443,-0.02779,-0.08384199088145898
ETA_dEpsilon_D,0.0,0.16015,0.03263706180344478,0.0,0.12273,0.03263706180344478
ETA_Psi_1,0.3719,0.75192,0.5819465704154002,0.49722,0.67797,0.5819465704154002
ETA_dPsi_A,0.0,0.34239,0.13238668186423508,0.03632,0.21707,0.13238668186423508
ETA_dPsi_B,0.0,0.03763,4.325227963525835e-05,0.0,0.0,4.325227963525835e-05
ETA_Shape_P,0.0,0.45499,0.127370547112462,0.03881,0.26453,0.127370547112462
ETA_Shape_Y,0.12766,0.56604,0.34263401215805467,0.19672,0.38291,0.34263401215805467
ETA_Shape_X,0.0,0.1561,0.014612938196555217,0.0,0.05769,0.014612938196555217
ETA_Beta,11.25,146.5,36.17299898682877,22.25,98.75,36.17299898682877
ETA_BetaP,0.6087,1.67045,1.3016496200607903,0.92308,1.43939,1.3016496200607903
ETA_Beta_s,7.75,104.5,17.49290780141844,10.75,65.25,17.49290780141844
ETA_BetaP_s,0.51563,0.71,0.621029964539007,0.53571,0.66935,0.621029964539007
ETA_Beta_ns,0.0,42.0,18.680091185410333,11.5,34.5,18.680091185410333
ETA_BetaP_ns,0.0,1.06818,0.6806197568389057,0.31538,0.84848,0.6806197568389057
ETA_dBeta,-62.5,10.25,1.1871833839918946,-31.75,8.75,1.1871833839918946
ETA_dBetaP,-0.6087,0.46591,0.059589979736575475,-0.31127,0.25893,0.059589979736575475
ETA_Beta_ns_d,0.0,4.0,1.0549645390070923,0.0,2.5,1.0549645390070923
ETA_BetaP_ns_d,0.0,0.19048,0.0392474417426545,0.0,0.07143,0.0392474417426545
ETA_Eta,7.38159,353.89507,24.884040309017223,19.35118,197.7372,24.884040309017223
ETA_EtaP,0.47141,2.17114,0.8512162563323201,0.71671,1.9386,0.8512162563323201
ETA_Eta_R,18.67717,628.15255,52.543352026342454,33.62969,355.1763,52.543352026342454
ETA_Eta_F,2.89504,274.25748,27.65931192502533,13.4598,157.43911,27.65931192502533
ETA_EtaP_F,0.12587,1.68256,0.9676526393110435,0.66309,1.55011,0.9676526393110435
ETA_Eta_L,2.79912,48.65936,6.638027882472137,5.32103,29.03382,6.638027882472137
ETA_EtaP_L,0.15854,0.45706,0.23256570921985814,0.19379,0.31088,0.23256570921985814
ETA_Eta_R_L,6.6302,76.76656,13.577798779128672,9.63617,47.98577,13.577798779128672
ETA_Eta_F_L,0.54872,28.1072,6.939770997973659,3.75166,19.23304,6.939770997973659
ETA_EtaP_F_L,0.02386,0.3287,0.2499759017223911,0.16546,0.29409,0.2499759017223911
ETA_Eta_B,-0.01862,4.64744,0.3924322239108409,0.18937,2.92823,0.3924322239108409
ETA_EtaP_B,-0.00089,0.04387,0.014180187436676797,0.00592,0.02879,0.014180187436676797
ETA_Eta_B_RC,0.17431,4.73344,0.7311606940222898,0.44983,3.18623,0.7311606940222898
ETA_EtaP_B_RC,0.00996,0.05247,0.026433804457953396,0.01667,0.03124,0.026433804457953396
FMF,0.0,0.677419355,0.44852463812107396,0.121359223,0.553571429,0.44852463812107396
fragC,274.06,91243.68,2406.6827051671735,1507.04,34219.37,2406.6827051671735
nHBAcc,0.0,66.0,2.5749746707193517,0.0,37.0,2.5749746707193517
nHBAcc2,0.0,66.0,4.829787234042553,1.0,35.0,4.829787234042553
nHBAcc3,0.0,46.0,4.545086119554204,1.0,22.0,4.545086119554204
nHBAcc_Lipinski,1.0,66.0,4.747213779128673,1.0,37.0,4.747213779128673
nHBDon,0.0,46.0,1.7750759878419453,0.0,21.0,1.7750759878419453
nHBDon_Lipinski,0.0,58.0,1.817629179331307,0.0,25.0,1.817629179331307
HybRatio,0.0,1.0,0.2546970617031408,0.064516129,0.661290323,0.2546970617031408
Kier1,11.11111111,161.006135,21.45363863877406,16.37188209,97.07804691,21.45363863877406
Kier2,3.75,94.31957952,9.571759019803952,7.319857313,52.21908466,9.571759019803952
Kier3,1.476355248,78.39697543,5.056534111205167,3.4425,39.61089426,5.056534111205167
nAtomLC,0.0,128.0,3.7922998986828773,2.0,91.0,3.7922998986828773
nAtomP,0.0,36.0,15.584599797365755,5.0,33.0,15.584599797365755
nAtomLAC,0.0,18.0,1.8971631205673758,0.0,7.0,1.8971631205673758
MLogP,1.46,5.75,3.3413677811550153,3.0,5.75,3.3413677811550153
McGowan_Volume,1.554,18.2733,2.903368844984802,2.4348,11.1163,2.903368844984802
MDEC-11,0.0,5.049949516,0.15335114719959472,0.0,2.980753986,0.15335114719959472
MDEC-12,0.0,13.97638705,2.248018228872847,0.0,19.47636686,2.248018228872847
MDEC-13,0.0,25.63607389,2.0054623924062818,0.0,25.99116663,2.0054623924062818
MDEC-14,0.0,4.670436775,0.1924341898981763,0.0,2.389545013,0.1924341898981763
MDEC-22,0.0,35.32070534,14.527126085325733,0.0,34.87299068,14.527126085325733
MDEC-23,0.0,54.02015106,25.58675177012361,0.0,48.02161147,25.58675177012361
MDEC-24,0.0,12.20885771,0.990162816710233,0.0,8.582217649,0.990162816710233
MDEC-33,0.0,49.76615094,9.863456935459979,0.0,16.35139202,9.863456935459979
MDEC-34,0.0,8.362231337,0.7173557386043566,0.0,7.50897435,0.7173557386043566
MDEC-44,0.0,1.10520945,0.02334545022239108,0.0,1.0,0.02334545022239108
MDEO-11,0.0,4.688325308,0.27849514704356637,0.0,10.50537966,0.27849514704356637
MDEO-12,0.0,3.53266686,0.35280471079888553,0.0,2.171117052,0.35280471079888553
MDEO-22,0.0,1.919179797,0.08354575410334346,0.0,0.727928251,0.08354575410334346
MDEN-11,0.0,1.406681309,0.006179491044579534,0.0,0.587847229,0.006179491044579534
MDEN-12,0.0,6.36254335,0.0334804960668693,0.0,5.574124612,0.0334804960668693
MDEN-13,0.0,0.814325285,0.006594042921985815,0.0,0.0,0.006594042921985815
MDEN-22,0.0,6.863188037,0.21320341399392098,0.0,11.28836323,0.21320341399392098
MDEN-23,0.0,5.421612022,0.14240075304153998,0.0,0.546024173,0.14240075304153998
MDEN-33,0.0,1.0,0.031838722746707196,0.0,0.333333333,0.031838722746707196
MLFER_A,-0.856,7.754,0.7954214792299898,-0.243,5.729,0.7954214792299898
MLFER_BH,0.139,23.229,1.5464807497467072,0.541,11.39,1.5464807497467072
MLFER_BO,0.13,23.47,1.5636803444782168,0.565,11.354,1.5636803444782168
MLFER_S,0.811,21.73,2.6452968591692,1.05,13.249,2.6452968591692
MLFER_E,0.405,11.803,2.6851626139817633,1.33,6.115,2.6851626139817633
MLFER_L,6.272,96.465,14.942280648429584,10.362,62.594,14.942280648429584
PetitjeanNumber,0.375,0.5,0.479305827529382,0.444444444,0.5,0.479305827529382
nRing,0.0,7.0,3.9387031408308,2.0,6.0,3.9387031408308
n3Ring,0.0,1.0,0.006585612968591692,0.0,0.0,0.006585612968591692
n4Ring,0.0,2.0,0.009625126646403243,0.0,0.0,0.009625126646403243
n5Ring,0.0,4.0,0.7537993920972644,0.0,2.0,0.7537993920972644
n6Ring,0.0,6.0,3.1089159067882473,0.0,5.0,3.1089159067882473
n7Ring,0.0,2.0,0.0547112462006079,0.0,1.0,0.0547112462006079
n8Ring,0.0,1.0,0.002026342451874367,0.0,0.0,0.002026342451874367
n9Ring,0.0,0.0,0.0,0.0,0.0,0.0
n10Ring,0.0,0.0,0.0,0.0,1.0,0.0
n11Ring,0.0,0.0,0.0,0.0,0.0,0.0
n12Ring,0.0,1.0,0.0005065856129685917,0.0,0.0,0.0005065856129685917
nG12Ring,0.0,1.0,0.0025329280648429585,0.0,1.0,0.0025329280648429585
nFRing,0.0,12.0,1.806484295845998,0.0,7.0,1.806484295845998
nF4Ring,0.0,0.0,0.0,0.0,0.0,0.0
nF5Ring,0.0,0.0,0.0,0.0,0.0,0.0
nF6Ring,0.0,4.0,0.05116514690982776,0.0,1.0,0.05116514690982776
nF7Ring,0.0,2.0,0.004052684903748734,0.0,0.0,0.004052684903748734
nF8Ring,0.0,3.0,0.04305977710233029,0.0,0.0,0.04305977710233029
nF9Ring,0.0,4.0,0.5405268490374874,0.0,1.0,0.5405268490374874
nF10Ring,0.0,3.0,0.6048632218844985,0.0,2.0,0.6048632218844985
nF11Ring,0.0,2.0,0.06940222897669707,0.0,1.0,0.06940222897669707
nF12Ring,0.0,3.0,0.04812563323201621,0.0,0.0,0.04812563323201621
nFG12Ring,0.0,6.0,0.4452887537993921,0.0,4.0,0.4452887537993921
nTRing,0.0,17.0,5.745187436676798,2.0,13.0,5.745187436676798
nT4Ring,0.0,2.0,0.009625126646403243,0.0,0.0,0.009625126646403243
nT5Ring,0.0,4.0,0.7537993920972644,0.0,2.0,0.7537993920972644
nT6Ring,0.0,7.0,3.160081053698075,0.0,5.0,3.160081053698075
nT7Ring,0.0,2.0,0.05876393110435663,0.0,1.0,0.05876393110435663
nT8Ring,0.0,3.0,0.04508611955420466,0.0,0.0,0.04508611955420466
nT9Ring,0.0,4.0,0.5405268490374874,0.0,1.0,0.5405268490374874
nT10Ring,0.0,3.0,0.6048632218844985,0.0,3.0,0.6048632218844985
nT11Ring,0.0,2.0,0.06940222897669707,0.0,1.0,0.06940222897669707
nT12Ring,0.0,3.0,0.0486322188449848,0.0,0.0,0.0486322188449848
nTG12Ring,0.0,6.0,0.44782168186423504,0.0,5.0,0.44782168186423504
nRotB,0.0,101.0,5.109422492401216,3.0,62.0,5.109422492401216
LipinskiFailures,0.0,4.0,0.146403242147923,0.0,4.0,0.146403242147923
TopoPSA,12.47,1207.82,73.97666666666667,29.46,609.09,73.97666666666667
VABC,182.5471121,2284.171248,352.25992195840934,287.4882218,1392.772501,352.25992195840934
vAdjMat,4.807354922,8.348728154,5.761984253054203,5.321928095,7.672425342,5.761984253054203
MW,194.0942943,2349.392344,391.0566965039514,288.1547864,1437.820466,391.0566965039514
WTPT-1,27.17055246,318.0768446,57.77068202137284,39.82498767,200.2520071,57.77068202137284
WTPT-2,1.927075599,2.141957979,2.053492529789767,1.953031164,2.084490087,2.053492529789767
WTPT-3,2.474468006,182.6335183,15.65643657160385,5.547046332,100.3067758,15.65643657160385
WTPT-4,0.0,50.79472903,8.73556386949696,2.515551843,42.37840393,8.73556386949696
WTPT-5,0.0,125.7376884,4.821317538118541,0.0,60.27975918,4.821317538118541
WPATH,349.0,301690.0,2709.616514690983,740.0,71616.0,2709.616514690983
WPOL,14.0,230.0,46.28166160081054,32.0,152.0,46.28166160081054
XLogP,-3.592,14.283,2.9650871327254302,-3.498,6.936,2.9650871327254302
Zagreb,62.0,748.0,150.7163120567376,100.0,490.0,150.7163120567376
